Course Name,Offered By,Rating,Reviews,Other
IBM Data Science,IBM,4.6,(116.7k reviews),Beginner · Professional Certificate · 3 - 6 Months
Google Data Analytics,Google,4.8,(128.5k reviews),Beginner · Professional Certificate · 3 - 6 Months
Introduction to Data Science,IBM,4.6,(83.7k reviews),Beginner · Specialization · 3 - 6 Months
Google Advanced Data Analytics,Google,4.7,(1.7k reviews),Advanced · Professional Certificate · 3 - 6 Months
Applied Data Science with Python,University of Michigan,4.5,(33.4k reviews),Intermediate · Specialization · 3 - 6 Months
Data Science,Johns Hopkins University,4.5,(50.3k reviews),Beginner · Specialization · 3 - 6 Months
IBM Data Analyst,IBM,4.6,(69.6k reviews),Beginner · Professional Certificate · 3 - 6 Months
Machine Learning,Multiple educators,4.9,(16.2k reviews),Beginner · Specialization · 1 - 3 Months
"Python for Data Science, AI & Development",IBM,4.6,(33.4k reviews),Beginner · Course · 1 - 3 Months
What is Data Science?,IBM,4.7,(65.3k reviews),Beginner · Course · 1 - 4 Weeks
Finetuning Large Language Models,DeepLearning.AI,4.7,(1.1k reviews),Intermediate · Project · Less Than 2 Hours
Foundations of Data Science,Google,4.8,(29 reviews),Advanced · Course · 1 - 3 Months
Data Science Challenge,Coursera Project Network,4.6,(16.4k reviews),Intermediate · Guided Project · Less Than 2 Hours
Learn SQL Basics for Data Science,"University of California, Davis",4.6,(43 reviews),Beginner · Specialization · 3 - 6 Months
CertNexus Certified Data Science Practitioner,CertNexus,4.5,(8.1k reviews),Intermediate · Professional Certificate · 3 - 6 Months
A Crash Course in Data Science,Johns Hopkins University,4.6,(45.2k reviews),Beginner · Course · 1 - 4 Weeks
IBM Data Engineering,IBM,4.7,(41.2k reviews),Beginner · Professional Certificate · 3 - 6 Months
Google IT Automation with Python,Google,4.7,(722 reviews),Beginner · Professional Certificate · 3 - 6 Months
Bachelor of Science in Data Science & AI,IIT Guwahati,4.3,(3k reviews),Degree · 4-8 years
Google Business Intelligence,Google,4.6,(15.5k reviews),Advanced · Professional Certificate · 3 - 6 Months
Advanced Data Science with IBM,IBM,4.6,(1.8k reviews),Advanced · Specialization · 3 - 6 Months
Programming for Data Science,University of Leeds,4.5,(11.3k reviews),Beginner · Course · 1 - 4 Weeks
SQL for Data Science,"University of California, Davis",4.6,(1.1k reviews),Beginner · Course · 1 - 4 Weeks
IBM Machine Learning,IBM,4.7,(95 reviews),Intermediate · Professional Certificate · 3 - 6 Months
Data Science Math Skills,Duke University,4.6,(47.7k reviews),Beginner · Course · 1 - 3 Months
Mathematics for Machine Learning and Data Science,DeepLearning.AI,4.6,(311 reviews),Beginner · Specialization · 1 - 3 Months
Expressway to Data Science: Python Programming,University of Colorado Boulder,4.6,(19.4k reviews),Beginner · Specialization · 1 - 3 Months
Applied Data Science,IBM,4.4,(266 reviews),Beginner · Specialization · 3 - 6 Months
Microsoft Power BI Data Analyst,Microsoft,4.7,(23 reviews),Beginner · Professional Certificate · 3 - 6 Months
Data Science Methodology,IBM,4.5,(229 reviews),Beginner · Course · 1 - 4 Weeks
Microsoft Azure Data Scientist Associate (DP-100),Microsoft,4.5,(504 reviews),Intermediate · Professional Certificate · 3 - 6 Months
Tableau Business Intelligence Analyst,Tableau Learning Partner,4.6,(2.6k reviews),Beginner · Professional Certificate · 3 - 6 Months
Python for Data Analysis: Pandas & NumPy,Coursera Project Network,4.5,(26.8k reviews),Beginner · Guided Project · Less Than 2 Hours
Practical Data Science on the AWS Cloud,Multiple educators,4.5,(430 reviews),Advanced · Specialization · 1 - 3 Months
Introduction to Statistics,Stanford University,4.6,(47.6k reviews),Beginner · Course · 1 - 3 Months
Introduction to Data Science in Python,University of Michigan,4.5,(6.1k reviews),Intermediate · Course · 1 - 4 Weeks
Information Visualization,New York University,4.5,(35 reviews),Beginner · Specialization · 3 - 6 Months
Data Science: Foundations using R,Johns Hopkins University,4.6,(717 reviews),Beginner · Specialization · 3 - 6 Months
Genomic Data Science,Johns Hopkins University,4.6,(604 reviews),Intermediate · Specialization · 3 - 6 Months
Data Science Methods for Quality Improvement,University of Colorado Boulder,4.8,(12.9k reviews),Intermediate · Specialization · 3 - 6 Months
Master of Science in Data Science,University of Colorado Boulder,4.4,(7.1k reviews),Degree · 2 years
Build a Data Science Web App with Streamlit and Python,Coursera Project Network,4.5,(10.8k reviews),Intermediate · Guided Project · Less Than 2 Hours
Foundations of Data Science: K-Means Clustering in Python,University of London,4.6,(31 reviews),Beginner · Course · 1 - 3 Months
Introduction to Data Analytics,IBM,4.7,(159 reviews),Beginner · Course · 1 - 3 Months
Data Science: Statistics and Machine Learning,Johns Hopkins University,4.7,(79.9k reviews),Intermediate · Specialization · 3 - 6 Months
Executive Data Science,Johns Hopkins University,4.5,(58.2k reviews),Beginner · Specialization · 1 - 3 Months
Data Science Coding Challenge: Loan Default Prediction,Coursera Project Network,4.5,(806 reviews),Intermediate · Guided Project · Less Than 2 Hours
Master of Science in Machine Learning and Data Science,Imperial College London,4.5,(27.3k reviews),Degree · 24 months
CertNexus Certified Artificial Intelligence Practitioner,CertNexus,4.5,(761 reviews),Intermediate · Professional Certificate · 3 - 6 Months
Key Technologies for Business,IBM,4.6,(18.3k reviews),Beginner · Specialization · 1 - 3 Months
Data Science Fundamentals with Python and SQL,IBM,4.4,(167 reviews),Beginner · Specialization · 3 - 6 Months
Linear Algebra for Machine Learning and Data Science,DeepLearning.AI,4.5,(3.6k reviews),Beginner · Course · 1 - 4 Weeks
Tools for Data Science,IBM,4.8,(329 reviews),Beginner · Course · 1 - 3 Months
Applied Data Science with R,IBM,4.6,(141 reviews),Beginner · Specialization · 3 - 6 Months
Databases and SQL for Data Science with Python,IBM,4.5,(286 reviews),Beginner · Course · 1 - 3 Months
Data Science Foundations: Statistical Inference,University of Colorado Boulder,4.5,(140 reviews),Intermediate · Specialization · 3 - 6 Months
Python Project for Data Science,IBM,4.4,(710 reviews),Intermediate · Course · 1 - 4 Weeks
Calculus for Machine Learning and Data Science,DeepLearning.AI,4.7,(1.2k reviews),Beginner · Course · 1 - 4 Weeks
Probability & Statistics for Machine Learning & Data Science,DeepLearning.AI,4.7,(6.8k reviews),Beginner · Course · 1 - 4 Weeks
Expressway to Data Science: Essential Math,University of Colorado Boulder,4.4,(126 reviews),Intermediate · Specialization · 3 - 6 Months
Leverage Data Science for a More Agile Supply Chain,"University of California, Irvine",4.5,(513 reviews),Intermediate · Specialization · 1 - 3 Months
Advanced Statistics for Data Science,Johns Hopkins University,4.5,(361 reviews),Advanced · Specialization · 3 - 6 Months
Process Mining: Data science in Action,Eindhoven University of Technology,4.5,(433 reviews),Intermediate · Course · 1 - 3 Months
Applied Data Science Capstone,IBM,4.4,(83 reviews),Intermediate · Course · 1 - 3 Months
Probability Theory: Foundation for Data Science,University of Colorado Boulder,4.3,(2k reviews),Intermediate · Course · 1 - 3 Months
Fractal Data Science,Fractal Analytics,4.3,(1.6k reviews),Beginner · Professional Certificate · 3 - 6 Months
Data Science with Databricks for Data Analysts,Databricks,4.3,(71 reviews),Intermediate · Specialization · 3 - 6 Months
Introduction to R Programming for Data Science,IBM,4.7,(8k reviews),Beginner · Course · 1 - 3 Months
Clinical Data Science,University of Colorado System,4.5,(147 reviews),Intermediate · Specialization · 3 - 6 Months
Tidyverse Skills for Data Science in R,Johns Hopkins University,4.8,(811 reviews),Beginner · Specialization · 3 - 6 Months
Fundamentals of Scalable Data Science,IBM,4.6,(297 reviews),Beginner · Course · 1 - 4 Weeks
Python for Genomic Data Science,Johns Hopkins University,4.1,(51 reviews),Mixed · Course · 1 - 4 Weeks
Vital Skills for Data Science,University of Colorado Boulder,4.2,(95 reviews),Intermediate · Specialization · 3 - 6 Months
Introducción a Data Science: Programación Estadística con R,Universidad Nacional Autónoma de México,4.7,(995 reviews),Beginner · Course · 1 - 3 Months
Algebra and Differential Calculus for Data Science,University of Colorado Boulder,4.5,(109 reviews),Intermediate · Course · 1 - 3 Months
Data Science Ethics,University of Michigan,4.1,(35 reviews),Beginner · Course · 1 - 3 Months
Data Science in Stratified Healthcare and Precision Medicine,The University of Edinburgh,4.8,(30 reviews),Intermediate · Course · 1 - 3 Months
Making Data Science Work for Clinical Reporting,Genentech,4.5,(315 reviews),Intermediate · Course · 1 - 3 Months
Statistical Inference for Estimation in Data Science,University of Colorado Boulder,4.5,(340 reviews),Intermediate · Course · 1 - 3 Months
SQL for Data Science with R,IBM,4.5,(30 reviews),Beginner · Course · 1 - 3 Months
Practical Data Science with MATLAB,MathWorks,4.3,(182 reviews),Beginner · Specialization · 3 - 6 Months
Essential Linear Algebra for Data Science,University of Colorado Boulder,4.1,(16 reviews),Intermediate · Course · 1 - 3 Months
Statistical Modeling for Data Science Applications,University of Colorado Boulder,4.3,(28 reviews),Intermediate · Specialization · 3 - 6 Months
Statistical Inference and Hypothesis Testing in Data Science Applications,University of Colorado Boulder,4.6,(64 reviews),Intermediate · Course · 1 - 3 Months
Materials Data Sciences and Informatics,Georgia Institute of Technology,4.2,(346 reviews),Intermediate · Course · 1 - 3 Months
Statistics for Data Science with Python,IBM,4.6,(189 reviews),Mixed · Course · 1 - 3 Months
Essential Causal Inference Techniques for Data Science,Coursera Project Network,4.3,(252 reviews),Beginner · Guided Project · Less Than 2 Hours
Data Science Fundamentals,"University of California, Irvine",4.0,(531 reviews),Beginner · Specialization · 3 - 6 Months
Use Tableau for Your Data Science Workflow,"University of California, Irvine",4.6,(382 reviews),Beginner · Specialization · 1 - 3 Months
Expressway to Data Science: R Programming and Tidyverse,University of Colorado Boulder,3.6,(36 reviews),Beginner · Specialization · 1 - 3 Months
"Data Science with NumPy, Sets, and Dictionaries",Duke University,4.5,(3.3k reviews),Beginner · Course · 1 - 4 Weeks
Integral Calculus and Numerical Analysis for Data Science,University of Colorado Boulder,4.5,(40 reviews),Intermediate · Course · 1 - 4 Weeks
Statistics for Genomic Data Science,Johns Hopkins University,3.9,(348 reviews),Mixed · Course · 1 - 4 Weeks
The Data Science of Health Informatics,Johns Hopkins University,4.6,(31 reviews),Beginner · Course · 1 - 4 Weeks
Data Science for Business Innovation,EIT Digital,4.2,(908 reviews),Beginner · Course · 1 - 4 Weeks
Command Line Tools for Genomic Data Science,Johns Hopkins University,4.4,(477 reviews),Mixed · Course · 1 - 4 Weeks
Advanced Data Science Capstone,IBM,3.8,(24 reviews),Advanced · Course · 1 - 4 Weeks
Perform data science with Azure Databricks,Microsoft,3.4,(29 reviews),Intermediate · Course · 1 - 3 Months
Building a Data Science Team,Johns Hopkins University,4.5,(1.2k reviews),Mixed · Course · 1 - 4 Weeks
Data Science with R - Capstone Project,IBM,4.2,(46 reviews),Intermediate · Course · 1 - 3 Months
Bioconductor for Genomic Data Science,Johns Hopkins University,2.8,(20 reviews),Mixed · Course · 1 - 4 Weeks
Prepare for DP-100: Data Science on Microsoft Azure Exam,Microsoft,4.2,(25 reviews),Intermediate · Course · 1 - 3 Months
Data Science at Scale,University of Washington,4.2,(201 reviews),Intermediate · Specialization · 3 - 6 Months
Spatial Data Science and Applications,Yonsei University,4.8,(23 reviews),Intermediate · Course · 1 - 3 Months
Linear Algebra for Data Science Using Python,Howard University,4.5,(15 reviews),Beginner · Specialization · 3 - 6 Months
Data Science and Analysis Tools - from Jupyter to R Markdown,Codio,4.5,(2.3k reviews),Beginner · Specialization · 3 - 6 Months
Data Science Capstone,Johns Hopkins University,4.4,(179 reviews),Mixed · Course · 1 - 3 Months
Data Science Fundamentals for Data Analysts,Databricks,4.5,(86 reviews),Intermediate · Course · 1 - 3 Months
Health Data Science Foundation,University of Illinois at Urbana-Champaign,4.6,(382 reviews),Advanced · Course · 1 - 4 Weeks
Data Science as a Field,University of Colorado Boulder,3.8,(13 reviews),Intermediate · Course · 1 - 4 Weeks
SQL for Data Science Capstone Project,"University of California, Davis",4.1,(14 reviews),Intermediate · Course · 1 - 4 Weeks
Big Data Science with the BD2K-LINCS Data Coordination and Integration Center,Icahn School of Medicine at Mount Sinai,3.9,(37 reviews),Intermediate · Course · 3 - 6 Months
Python Packages for Data Science,University of Colorado Boulder,4.1,(118 reviews),Intermediate · Course · 1 - 4 Weeks
Data Science in Real Life,Johns Hopkins University,4.6,(18 reviews),Mixed · Course · 1 - 4 Weeks
Advanced Linear Models for Data Science 1: Least Squares,Johns Hopkins University,4.8,(12 reviews),Advanced · Course · 1 - 3 Months
Advanced Linear Models for Data Science 2: Statistical Linear Models,Johns Hopkins University,4.8,(20 reviews),Advanced · Course · 1 - 4 Weeks
Introduction to Clinical Data Science,University of Colorado System,4.7,(1.5k reviews),Intermediate · Course · 1 - 4 Weeks
Cybersecurity for Data Science,University of Colorado Boulder,4.2,(89 reviews),Beginner · Course · 1 - 3 Months
Statistics For Data Science,Coursera Project Network,4.5,(43 reviews),Beginner · Guided Project · Less Than 2 Hours
Introduction to Data Science and scikit-learn in Python,LearnQuest,4.6,(28 reviews),Beginner · Course · 1 - 4 Weeks
"Intro to Analytic Thinking, Data Science, and Data Mining","University of California, Irvine",4.3,(18 reviews),Intermediate · Course · 1 - 4 Weeks
Address Business Issues with Data Science,CertNexus,4.3,(188 reviews),Intermediate · Course · 1 - 4 Weeks
Ciclo completo del desarrollo de un proyecto de Data Science,Coursera Project Network,4.8,(24 reviews),Beginner · Guided Project · Less Than 2 Hours
Advanced Clinical Data Science,University of Colorado System,4.4,(44 reviews),Intermediate · Course · 1 - 4 Weeks
Executive Data Science Capstone,Johns Hopkins University,3.4,(141 reviews),Mixed · Course · 1 - 4 Weeks
Genomic Data Science and Clustering (Bioinformatics V),University of California San Diego,4.3,(7 reviews),Intermediate · Course · 1 - 4 Weeks
Applied Data Science for Data Analysts,Databricks,3.8,(25 reviews),Intermediate · Course · 1 - 3 Months
Ethical Issues in Data Science,University of Colorado Boulder,4.6,(76 reviews),Beginner · Course · 1 - 3 Months
SQL für Data Science,"University of California, Davis",4.2,(34 reviews),Beginner · Course · 1 - 4 Weeks
Code Free Data Science,University of California San Diego,4.3,(124 reviews),Beginner · Course · 1 - 4 Weeks
Data Science Project: MATLAB for the Real World,MathWorks,4.6,(40k reviews),Intermediate · Course · 1 - 4 Weeks
Data Science Companion,MathWorks,4.7,(19k reviews),Beginner · Course · 1 - 4 Weeks
Julia for Beginners in Data Science,Coursera Project Network,4.8,(140.9k reviews),Beginner · Guided Project · Less Than 2 Hours
Curso Completo de Data Science,Coursera Project Network,4.6,(46.2k reviews),Intermediate · Guided Project · Less Than 2 Hours
Finalize a Data Science Project,CertNexus,4.8,(91k reviews),Intermediate · Course · 1 - 4 Weeks
Communicating Data Science Results,University of Washington,4.8,(267.4k reviews),Mixed · Course · 1 - 4 Weeks
Capstone: Data Science Problem in Linear Algebra Framework,Howard University,4.8,(39.1k reviews),Mixed · Course · 1 - 4 Weeks
Data science perspectives on pandemic management,Politecnico di Milano,4.6,(17.1k reviews),Beginner · Course · 1 - 3 Months
Python per la Data Science,Università di Napoli Federico II,4.8,(12.7k reviews),Intermediate · Course · 1 - 3 Months
AutoML tools for data science,Coursera Project Network,4.7,(785 reviews),Beginner · Guided Project · Less Than 2 Hours
Introducción a Pandas para Data Science,Coursera Project Network,4.8,(33.8k reviews),Beginner · Guided Project · Less Than 2 Hours
Introduction to Widgets for Data Science,Coursera Project Network,4.6,(14k reviews),Beginner · Guided Project · Less Than 2 Hours
Avoiding Data Science Pitfalls,Coursera Project Network,4.7,(15.7k reviews),Beginner · Guided Project · Less Than 2 Hours
Data Science at Scale - Capstone Project,University of Washington,4.7,(11.4k reviews),Mixed · Course · 1 - 3 Months
Python for Data Science,Fractal Analytics,4.7,(21k reviews),Beginner · Course · 1 - 3 Months
Data Science for Investment Professionals,CFA Institute,4.8,(497 reviews),Beginner · Specialization · 3 - 6 Months
Statistical Learning for Data Science,University of Colorado Boulder,4.8,(12k reviews),Intermediate · Specialization · 3 - 6 Months
Data Science con Python e R,Università di Napoli Federico II,4.7,(17.2k reviews),Intermediate · Specialization · 1 - 3 Months
Marketing e Data Science,Fundação Instituto de Administração,4.7,(246 reviews),Beginner · Specialization · 3 - 6 Months
Data Science for Health Research,University of Michigan,4.5,(2.8k reviews),Intermediate · Specialization · 1 - 3 Months
Hands-on Foundations for Data Science and Machine Learning with Google Cloud Labs,Google Cloud,4.7,(213 reviews),Intermediate · Specialization · 1 - 4 Weeks
MS in Data Science and Analytics,University of Oklahoma,4.6,(3.1k reviews),Degree · 1 - 4 Years
Master of Computer Science (feat. Data Science Track),University of Illinois at Urbana-Champaign,4.7,(7.9k reviews),Degree · 1 – 3 years
Master of Science in Data Science,Ball State University,4.7,(11.7k reviews),Degree · 1 - 4 Years
Master of Science in Data Science (Statistics),University of Leeds,4.6,(1k reviews),Degree · 24 months
Master of Applied Data Science,University of Michigan,4.4,(3.9k reviews),Degree · 1 – 3 years
Master of Data Science,Illinois Institute of Technology,4.5,(979 reviews),Degree · 1 - 4 Years
Post Graduate Certificate in Data Science & Machine Learning,IIT Roorkee,4.8,(221 reviews),University Certificate · 6 - 12 Months
Data Science Graduate Certificate,University of Colorado Boulder,4.7,(3.3k reviews),Graduate Certificate · 6 - 12 Months
IBM Full Stack Software Developer,IBM,4.7,(3.4k reviews),Beginner · Professional Certificate · 3 - 6 Months
IBM Data Analytics with Excel and R,IBM,4.3,(451 reviews),Beginner · Professional Certificate · 3 - 6 Months
Deep Learning,DeepLearning.AI,4.8,(16.8k reviews),Intermediate · Specialization · 3 - 6 Months
IBM Applied AI,IBM,4.6,(1.2k reviews),Beginner · Professional Certificate · 3 - 6 Months
"Foundations: Data, Data, Everywhere",Google,4.6,(454 reviews),Beginner · Course · 1 - 3 Months
Python for Everybody,University of Michigan,4.5,(1.5k reviews),Beginner · Specialization · 3 - 6 Months
AI For Everyone,DeepLearning.AI,4.5,(257 reviews),Beginner · Course · 1 - 4 Weeks
IBM AI Engineering,IBM,4.7,(5.5k reviews),Intermediate · Professional Certificate · 3 - 6 Months
Process Data from Dirty to Clean,Google,4.4,(221 reviews),Beginner · Course · 1 - 3 Months
Business Analytics with Excel: Elementary to Advanced,Johns Hopkins University,4.5,(280 reviews),Intermediate · Course · 1 - 3 Months
Crash Course on Python,Google,4.8,(21k reviews),Beginner · Course · 1 - 3 Months
Mathematics for Machine Learning,Imperial College London,4.8,(3.1k reviews),Beginner · Specialization · 3 - 6 Months
"HTML, CSS, and Javascript for Web Developers",Johns Hopkins University,4.6,(4.4k reviews),Mixed · Course · 1 - 3 Months
Introduction to Artificial Intelligence (AI),IBM,4.5,(383 reviews),Beginner · Course · 1 - 4 Weeks
Python 3 Programming,University of Michigan,4.9,(1.8k reviews),Beginner · Specialization · 3 - 6 Months
Get Started with Python,Google,4.8,(5.2k reviews),Advanced · Course · 1 - 3 Months
Google Data Analytics Capstone: Complete a Case Study,Google,4.5,(357 reviews),Beginner · Course · 1 - 4 Weeks
Data Analysis with Python,IBM,4.6,(8.4k reviews),Beginner · Course · 1 - 3 Months
Go Beyond the Numbers: Translate Data into Insights,Google,4.2,(264 reviews),Advanced · Course · 1 - 3 Months
Data Mining,University of Illinois at Urbana-Champaign,4.8,(1.6k reviews),Intermediate · Specialization · 3 - 6 Months
The Path to Insights: Data Models and Pipelines,Google,4.5,(2k reviews),Advanced · Course · 1 - 4 Weeks
Statistics with Python,University of Michigan,4.1,(330 reviews),Beginner · Specialization · 1 - 3 Months
Convolutional Neural Networks in TensorFlow,DeepLearning.AI,4.8,(183 reviews),Intermediate · Course · 1 - 4 Weeks
Mathematics for Machine Learning: Linear Algebra,Imperial College London,4.6,(105 reviews),Beginner · Course · 1 - 3 Months
Computational Neuroscience,University of Washington,4.8,(325 reviews),Beginner · Course · 1 - 3 Months
Python and Statistics for Financial Analysis,The Hong Kong University of Science and Technology,4.5,(81 reviews),Intermediate · Course · 1 - 4 Weeks
Introduction to Python Programming,University of Pennsylvania,4.4,(27 reviews),Beginner · Course · 1 - 4 Weeks
The Power of Statistics,Google,4.6,(870 reviews),Advanced · Course · 1 - 3 Months
Machine Learning for All,University of London,3.2,(31 reviews),Beginner · Course · 1 - 4 Weeks
Introduction to Machine Learning,Duke University,4.8,(72 reviews),Intermediate · Course · 1 - 4 Weeks
Developing AI Applications with Python and Flask,IBM,4.4,(36 reviews),Intermediate · Course · 1 - 4 Weeks
Python Basics,University of Michigan,4.5,(32 reviews),Beginner · Course · 1 - 4 Weeks
Econometrics: Methods and Applications,Erasmus University Rotterdam,4.8,(2.6k reviews),Mixed · Course · 1 - 3 Months
Python Project for Data Engineering,IBM,4.8,(56 reviews),Intermediate · Course · 1 - 4 Weeks
The Arts and Science of Relationships: Understanding Human Needs,University of Toronto,4.6,(1.6k reviews),Beginner · Course · 1 - 3 Months
Programming in Python: A Hands-on Introduction,Codio,4.7,(1.1k reviews),Beginner · Specialization · 3 - 6 Months
Mathematics for Machine Learning: Multivariate Calculus,Imperial College London,3.5,(56 reviews),Beginner · Course · 1 - 3 Months
Precision Medicine,University of Geneva,4.6,(1.4k reviews),Intermediate · Course · 1 - 3 Months
"Python, Bash and SQL Essentials for Data Engineering",Duke University,4.8,(45 reviews),Beginner · Specialization · 3 - 6 Months
Using Databases with Python,University of Michigan,4.4,(17 reviews),Beginner · Course · 1 - 3 Months
Data Analytics for Lean Six Sigma,University of Amsterdam,4.4,(68 reviews),Beginner · Course · 1 - 3 Months
Introduction to Genomic Technologies,Johns Hopkins University,4.5,(67 reviews),Mixed · Course · 1 - 4 Weeks
Exploratory Data Analysis With Python and Pandas,Coursera Project Network,4.6,(433 reviews),Beginner · Guided Project · Less Than 2 Hours
Data Visualization for Genome Biology,University of Toronto,4.3,(786 reviews),Intermediate · Course · 1 - 3 Months
Understanding Medical Research: Your Facebook Friend is Wrong,Yale University,4.8,(6 reviews),Beginner · Course · 1 - 3 Months
Introduction to Structured Query Language (SQL),University of Michigan,4.7,(873 reviews),Intermediate · Course · 1 - 4 Weeks
Data Analysis Using Python,University of Pennsylvania,4.3,(763 reviews),Beginner · Course · 1 - 4 Weeks
Applied Machine Learning in Python,University of Michigan,4.6,(2.7k reviews),Intermediate · Course · 1 - 4 Weeks
"Big Data, Genes, and Medicine",The State University of New York,4.6,(17 reviews),Advanced · Course · 1 - 3 Months
An Intuitive Introduction to Probability,University of Zurich,4.4,(84 reviews),Beginner · Course · 1 - 3 Months
Introduction to Python,Coursera Project Network,4.7,(989 reviews),Beginner · Guided Project · Less Than 2 Hours
Data Processing Using Python,Nanjing University,4.7,(3.7k reviews),Beginner · Course · 1 - 3 Months
Life 101: Mental and Physical Self-Care,"University of California, Irvine",4.5,(276 reviews),Beginner · Course · 1 - 3 Months
The Full Stack,Meta,4.7,(192 reviews),Intermediate · Course · 1 - 3 Months
Clinical Epidemiology,Utrecht University,4.6,(599 reviews),Intermediate · Course · 1 - 3 Months
Microsoft Azure Machine Learning for Data Scientists,Microsoft,4.2,(319 reviews),Intermediate · Course · 1 - 4 Weeks
Desarrollador back-end de Meta,Meta,4.6,(710 reviews),Beginner · Professional Certificate · 3 - 6 Months
Inferential Statistical Analysis with Python,University of Michigan,4.4,(50 reviews),Intermediate · Course · 1 - 4 Weeks
Introduction to Machine Learning: Supervised Learning,University of Colorado Boulder,4.5,(35 reviews),Intermediate · Course · 1 - 3 Months
Digital Governance,Erasmus University Rotterdam,4.6,(48 reviews),Beginner · Course · 1 - 3 Months
Power and Sample Size for Multilevel and Longitudinal Study Designs,University of Florida,4.7,(28.5k reviews),Intermediate · Course · 1 - 3 Months
2021 Cancer Prevention Web-Based Activity (CE eligible),University of Virginia,4.6,(44.1k reviews),Beginner · Course · 1 - 3 Months
Doing Economics: Measuring Climate Change,University of London,4.7,(18.4k reviews),Beginner · Course · 1 - 4 Weeks
Inferential Statistics,Duke University,4.7,(76.1k reviews),Beginner · Course · 1 - 3 Months
Data Scientist Career Guide and Interview Preparation,IBM,4.7,(3.4k reviews),Beginner · Course · 1 - 4 Weeks
Practical Time Series Analysis,The State University of New York,4.7,(13.7k reviews),Intermediate · Course · 1 - 3 Months
Image and Video Processing: From Mars to Hollywood with a Stop at the Hospital,Duke University,4.7,(308 reviews),Mixed · Course · 1 - 3 Months
Introduction to Computational Statistics for Data Scientists,Databricks,4.4,(1.4k reviews),Beginner · Specialization · 1 - 3 Months
Probability and Statistics: To p or not to p?,University of London,4.8,(6.5k reviews),Beginner · Course · 1 - 3 Months
Data Literacy – What is it and why does it matter?,University of Copenhagen,4.6,(1.9k reviews),Beginner · Course · 1 - 4 Weeks
Database Creation and Modeling using MYSQL Workbench,Coursera Project Network,4.7,(2k reviews),Beginner · Guided Project · Less Than 2 Hours
"AI Workflow: Machine Learning, Visual Recognition and NLP",IBM,4.8,(6.8k reviews),Advanced · Course · 1 - 4 Weeks
Scripting with Python and SQL for Data Engineering,Duke University,4.4,(738 reviews),Intermediate · Course · 1 - 4 Weeks
"Big Data, Artificial Intelligence, and Ethics","University of California, Davis",4.7,(976 reviews),Beginner · Course · 1 - 4 Weeks
Introduction to Business Analysis Using Spreadsheets: Basics,Coursera Project Network,4.7,(230 reviews),Beginner · Guided Project · Less Than 2 Hours
Data Analysis in Python: Using Pandas DataFrames,Coursera Project Network,4.5,(132 reviews),Intermediate · Guided Project · Less Than 2 Hours
Python Data Analysis,Rice University,4.3,(257 reviews),Beginner · Course · 1 - 4 Weeks
Data Manipulation at Scale: Systems and Algorithms,University of Washington,2.7,(60 reviews),Mixed · Course · 1 - 3 Months
Create Your First Python Program From UST,Coursera Project Network,4.7,(592 reviews),Beginner · Guided Project · Less Than 2 Hours
Diabetes Prediction With Pyspark MLLIB,Coursera Project Network,4.3,(1k reviews),Intermediate · Guided Project · Less Than 2 Hours
BigQuery Soccer Data Ingestion,Google Cloud,3.5,(51 reviews),Beginner · Project · Less Than 2 Hours
"Cloud Virtualization, Containers and APIs",Duke University,4.4,(327 reviews),Beginner · Course · 1 - 4 Weeks
Computer Science: Programming with a Purpose,Princeton University,4.7,(304 reviews),Beginner · Course · 1 - 3 Months
Machine Learning: Classification,University of Washington,4.6,(1.8k reviews),Mixed · Course · 1 - 3 Months
Analysis of Algorithms,Princeton University,3.5,(51 reviews),Advanced · Course · 1 - 3 Months
"Finding, Sorting, & Filtering Data in Microsoft Excel",Coursera Project Network,4.7,(172 reviews),Intermediate · Guided Project · Less Than 2 Hours
Analyze Data in a Model Car Database with MySQL Workbench,Coursera Project Network,4.0,(24 reviews),Intermediate · Guided Project · Less Than 2 Hours
Intelligence Tools for the Digital Age,IE Business School,4.7,(237 reviews),Beginner · Course · 1 - 4 Weeks
Machine Learning for Data Analysis,Wesleyan University,4.9,(4.1k reviews),Mixed · Course · 1 - 4 Weeks
Machine Learning Pipelines with Azure ML Studio,Coursera Project Network,4.7,(75 reviews),Beginner · Guided Project · Less Than 2 Hours
Clean and analyze social media usage data with Python,Coursera Project Network,4.6,(177 reviews),Intermediate · Guided Project · Less Than 2 Hours
Azure: create a REST API using NodeJS Serverless Functions,Coursera Project Network,4.7,(484 reviews),Beginner · Guided Project · Less Than 2 Hours
Scrape and analyze data analyst job requirements with Python,Coursera Project Network,4.8,(177 reviews),Intermediate · Guided Project · Less Than 2 Hours
Build and deploy a stroke prediction model using R,Coursera Project Network,4.7,(374 reviews),Intermediate · Guided Project · Less Than 2 Hours
Manage Data for an Online Grocer Using MySQL Workbench,Coursera Project Network,4.5,(333 reviews),Intermediate · Guided Project · Less Than 2 Hours
Population Health: Responsible Data Analysis,Universiteit Leiden,4.7,(139 reviews),Beginner · Course · 1 - 3 Months
Data Analysis with Python Project,University of Colorado Boulder,4.7,(373 reviews),Intermediate · Course · 1 - 3 Months
Global Statistics - Composite Indices for International Comparisons,University of Geneva,4.7,(747 reviews),Intermediate · Course · 1 - 3 Months
The exposome: cracking the science about what makes us sick,Utrecht University,4.7,(43 reviews),Intermediate · Course · 1 - 3 Months
Deploy a predictive machine learning model using IBM Cloud,Coursera Project Network,5.0,(30 reviews),Intermediate · Guided Project · Less Than 2 Hours
데이터 정리,Google,4.5,(629 reviews),Beginner · Course · 1 - 3 Months
Google 데이터 애널리틱스 캡스톤: 사례 연구 활동,Google,4.4,(475 reviews),Beginner · Course · 1 - 4 Weeks
데이터 분석을 통한 해답 찾기,Google,4.3,(147 reviews),Beginner · Course · 1 - 4 Weeks
The Data Driven Manager,University of Colorado Boulder,4.8,(25 reviews),Beginner · Specialization · 3 - 6 Months
IBM & Darden Digital Strategy,University of Virginia Darden School Foundation,4.6,(418 reviews),Beginner · Specialization · 3 - 6 Months
Data Engineering Foundations,IBM,4.5,(389 reviews),Beginner · Specialization · 3 - 6 Months
Data Analysis and Visualization Foundations,IBM,4.5,(263 reviews),Beginner · Specialization · 3 - 6 Months
IBM AI Foundations for Business,IBM,4.5,(978 reviews),Beginner · Specialization · 1 - 3 Months
IBM Data Warehouse Engineer,IBM,4.5,(41 reviews),Beginner · Professional Certificate · 3 - 6 Months
AI Foundations for Everyone,IBM,4.3,(66 reviews),Beginner · Specialization · 3 - 6 Months
AI Product Management,Duke University,4.6,(7 reviews),Beginner · Specialization · 3 - 6 Months
Introduction to Programming with Python and Java,University of Pennsylvania,4.5,(111 reviews),Beginner · Specialization · 3 - 6 Months
Excel Basics for Data Analysis,IBM,4.5,(409 reviews),Beginner · Course · 1 - 3 Months
Supply Chain Analytics,Rutgers the State University of New Jersey,4.7,(9 reviews),Beginner · Specialization · 3 - 6 Months
Introduction to Data Engineering,IBM,4.6,(428 reviews),Beginner · Course · 1 - 4 Weeks
Mathematics for Engineers,The Hong Kong University of Science and Technology,4.4,(337 reviews),Beginner · Specialization · 3 - 6 Months
Health Informatics,Johns Hopkins University,4.4,(51 reviews),Beginner · Specialization · 3 - 6 Months
Creating Business Value with Data and Looker,Google Cloud,4.5,(119 reviews),Intermediate · Specialization · 3 - 6 Months
Machine Learning Foundations for Product Managers,Duke University,4.6,(26 reviews),Beginner · Course · 1 - 3 Months
Pre-MBA Statistics,IIMA - IIM Ahmedabad,4.5,(175 reviews),Beginner · Course · 1 - 3 Months
IBM AI Enterprise Workflow,IBM,4.8,(33 reviews),Advanced · Specialization · 3 - 6 Months
GPU Programming,Johns Hopkins University,4.7,(28 reviews),Intermediate · Specialization · 3 - 6 Months
Databases for Data Scientists,University of Colorado Boulder,4.8,(138 reviews),Beginner · Specialization · 3 - 6 Months
Introduction to Computer Vision and Image Processing,IBM,3.7,(27 reviews),Beginner · Course · 1 - 3 Months
Machine Learning for Supply Chains,LearnQuest,4.2,(97 reviews),Intermediate · Specialization · 3 - 6 Months
Getting Started with R,Coursera Project Network,4.2,(48 reviews),Beginner · Guided Project · Less Than 2 Hours
Analyzing and Visualizing Data in Looker,Google Cloud,4.8,(73 reviews),Beginner · Course · 1 - 3 Months
Introduction to Relational Database and SQL,Coursera Project Network,4.7,(14 reviews),Beginner · Guided Project · Less Than 2 Hours
AI for Scientific Research,LearnQuest,4.4,(406 reviews),Beginner · Specialization · 3 - 6 Months
Splunk Search Expert,Splunk Inc.,4.7,(6 reviews),Beginner · Specialization · 3 - 6 Months
Python para Ciencia de Datos,Pontificia Universidad Católica de Chile,4.6,(59 reviews),Beginner · Course · 1 - 4 Weeks
Data Analysis with R,IBM,4.7,(80 reviews),Intermediate · Course · 1 - 3 Months
Matrix Algebra for Engineers,The Hong Kong University of Science and Technology,4.4,(12 reviews),Beginner · Course · 1 - 4 Weeks
Introduction to Python Fundamentals,University of Colorado Boulder,4.6,(10 reviews),Beginner · Course · 1 - 4 Weeks
Data Visualization with R,IBM,4.6,(33 reviews),Beginner · Course · 1 - 4 Weeks
The Structured Query Language (SQL),University of Colorado Boulder,4.6,(71 reviews),Beginner · Course · 1 - 3 Months
Machine Learning Rock Star – the End-to-End Practice,SAS,4.5,(276 reviews),Beginner · Specialization · 3 - 6 Months
Create Interactive Dashboards with Streamlit and Python,Coursera Project Network,4.6,(290 reviews),Intermediate · Guided Project · Less Than 2 Hours
Advanced Relational Database and SQL,Coursera Project Network,4.8,(18 reviews),Advanced · Guided Project · Less Than 2 Hours
Splunk Search Expert 101,Splunk Inc.,4.6,(47 reviews),Beginner · Course · 1 - 3 Months
Build a Machine Learning Web App with Streamlit and Python,Coursera Project Network,4.6,(97 reviews),Intermediate · Guided Project · Less Than 2 Hours
Supply Chain Analytics,Rutgers the State University of New Jersey,4.1,(16 reviews),Beginner · Course · 1 - 4 Weeks
Developing Data Models with LookML,Google Cloud,4.7,(11 reviews),Intermediate · Course · 1 - 3 Months
Redes Ecológicas,Universidade de São Paulo,4.8,(33 reviews),Beginner · Course · 1 - 4 Weeks
Distributed Computing with Spark SQL,"University of California, Davis",4.4,(98 reviews),Intermediate · Course · 1 - 4 Weeks
Intermediate Relational Database and SQL,Coursera Project Network,4.8,(11 reviews),Intermediate · Guided Project · Less Than 2 Hours
AI Workflow: Business Priorities and Data Ingestion,IBM,4.7,(31 reviews),Intermediate · Course · 1 - 4 Weeks
Introduction to Python Functions,University of Colorado Boulder,4.9,(62 reviews),Beginner · Course · 1 - 4 Weeks
Linear Regression with Python,Coursera Project Network,4.8,(64 reviews),Intermediate · Guided Project · Less Than 2 Hours
Logistic Regression with NumPy and Python,Coursera Project Network,4.8,(25 reviews),Beginner · Guided Project · Less Than 2 Hours
فك التشفير باستخدام لغة البرمجة بايثون,Coursera Project Network,5.0,(8 reviews),Beginner · Guided Project · Less Than 2 Hours
Data Visualization with Python,Coursera Project Network,5.0,(6 reviews),Intermediate · Guided Project · Less Than 2 Hours
Linear Regression with NumPy and Python,Coursera Project Network,3.8,(1.2k reviews),Intermediate · Guided Project · Less Than 2 Hours
AI Workflow: AI in Production,IBM,4.4,(15 reviews),Advanced · Course · 1 - 4 Weeks
AI Workflow: Feature Engineering and Bias Detection,IBM,4.5,(239 reviews),Advanced · Course · 1 - 4 Weeks
CUDA Advanced Libraries,Johns Hopkins University,2.2,(17 reviews),Intermediate · Course · 1 - 3 Months
Data Manipulation and Management using MYSQL Workbench,Coursera Project Network,4.8,(48 reviews),Beginner · Guided Project · Less Than 2 Hours
"Merge, Sort and Filter Data in Python Pandas",Coursera Project Network,4.3,(306 reviews),Intermediate · Guided Project · Less Than 2 Hours
Perform Sentiment Analysis with scikit-learn,Coursera Project Network,4.6,(148 reviews),Intermediate · Guided Project · Less Than 2 Hours
Employee Attrition Prediction Using Machine Learning,Coursera Project Network,4.7,(109 reviews),Beginner · Guided Project · Less Than 2 Hours
Exploratory Data Analysis with Seaborn,Coursera Project Network,4.7,(18 reviews),Intermediate · Guided Project · Less Than 2 Hours
Image Super Resolution Using Autoencoders in Keras,Coursera Project Network,4.5,(99 reviews),Advanced · Guided Project · Less Than 2 Hours
Create Docker Container with Flask Seaborn Regression Plot App,Coursera Project Network,4.7,(267 reviews),Advanced · Guided Project · Less Than 2 Hours
Simple Recurrent Neural Network with Keras,Coursera Project Network,4.3,(9 reviews),Intermediate · Guided Project · Less Than 2 Hours
Big-O Time Complexity in Python Code,Coursera Project Network,4.8,(11 reviews),Intermediate · Guided Project · Less Than 2 Hours
Analyze Box Office Data with Seaborn and Python,Coursera Project Network,4.5,(233 reviews),Intermediate · Guided Project · Less Than 2 Hours
Predict Ideal Diamonds over Good Diamonds using a Random Forest using R,Coursera Project Network,4.3,(37 reviews),Intermediate · Guided Project · Less Than 2 Hours
Splunk Search Expert 102,Splunk Inc.,4.5,(8 reviews),Beginner · Course · 1 - 3 Months
"The Power of Machine Learning: Boost Business, Accumulate Clicks, Fight Fraud, and Deny Deadbeats",SAS,4.8,(75 reviews),Beginner · Course · 1 - 3 Months
Fundamentals of Machine Learning for Supply Chain,LearnQuest,4.6,(11 reviews),Beginner · Course · 1 - 4 Weeks
AI Workflow: Data Analysis and Hypothesis Testing,IBM,4.5,(235 reviews),Advanced · Course · 1 - 4 Weeks
AI Workflow: Enterprise Model Deployment,IBM,4.4,(82 reviews),Advanced · Course · 1 - 4 Weeks
Launching Machine Learning: Delivering Operational Success with Gold Standard ML Leadership,SAS,4.6,(94 reviews),Beginner · Course · 1 - 4 Weeks
Medical Insurance Premium Prediction with Machine Learning,Coursera Project Network,4.6,(9 reviews),Beginner · Guided Project · Less Than 2 Hours
Predict Future Product Prices Using Facebook Prophet,Coursera Project Network,3.4,(8 reviews),Intermediate · Guided Project · Less Than 2 Hours
Interpretable machine learning applications: Part 5,Coursera Project Network,4.7,(51 reviews),Beginner · Guided Project · Less Than 2 Hours
RStudio for Six Sigma - Basic Descriptive Statistics,Coursera Project Network,4.8,(56 reviews),Beginner · Guided Project · Less Than 2 Hours
Distributed Machine Learning with Google Cloud ML,Google Cloud,4.6,(32 reviews),Intermediate · Project · Less Than 2 Hours
Publication-Ready Tables in R,Coursera Project Network,3.6,(7 reviews),Intermediate · Guided Project · Less Than 2 Hours
Regression Analysis with Yellowbrick,Coursera Project Network,4.9,(16 reviews),Intermediate · Guided Project · Less Than 2 Hours
